[
  {
    "title": "Aspen Canopy at Dusk",
    "image": "aspen-canopy-crested-butte.jpg",
    "slug": "aspen-canopy-crested-butte",
    "place": "Crested Butte",
    "location": "Kebler Pass",
    "portfolio": "the-american-west",
    "pname": "The American West"
  },
  {
    "title": "Canyon Light",
    "image": "canyon-light-zion-national-park.jpg",
    "slug": "canyon-light-zion-national-park",
    "place": "Zion National Park",
    "location": "Echo Canyon",
    "portfolio": "zion-national-park",
    "pname": "Zion National Park"
  },
  {
    "title": "Clearing Storm",
    "image": "clearing-storm-the-palouse.jpg",
    "slug": "clearing-storm-the-palouse",
    "place": "The Palouse",
    "location": "Lion's Ferry Road",
    "portfolio": "icons-of-agriculture",
    "pname": "Icons of Agriculture"
  },
  {
    "title": "Electric",
    "image": "electric-cortena.jpg",
    "slug": "electric-cortena",
    "place": "Sacramento Valley",
    "location": "Cortena",
    "portfolio": "icons-of-agriculture",
    "pname": "Icons of Agriculture"
  },
  {
    "title": "Granary and Moon",
    "image": "granary-and-moon-walters.jpg",
    "slug": "granary-and-moon-walters",
    "place": "Garfield",
    "location": "Walters Road",
    "portfolio": "icons-of-agriculture-iii",
    "pname": "Icons of Agriculture"
  },
  {
    "title": "Red, Off White, and Blue",
    "image": "red-off-white-and-blue-palouse.jpg",
    "slug": "red-off-white-and-blue-palouse",
    "place": "Whitman County",
    "location": "Palouse City",
    "portfolio": "icons-of-agriculture",
    "pname": "Icons of Agriculture"
  },
  {
    "title": "Reflections",
    "image": "reflections-subway-zion-national-park.jpg",
    "slug": "reflections-subway-zion-national-park",
    "place": "North Fork",
    "location": "The Subway",
    "portfolio": "zion-national-park-watercourse-way",
    "pname": "Zion National Park"
  },
  {
    "title": "Reflections #11",
    "image": "reflections-11-merced-canyon.jpg",
    "slug": "reflections-11-merced-canyon",
    "place": "Mariposa County",
    "location": "Merced River",
    "portfolio": "the-american-west",
    "pname": "The American West"
  },
  {
    "title": "Solemnity",
    "image": "solemnity-zion-national-park.jpg",
    "slug": "solemnity-zion-national-park",
    "place": "Zion National Park",
    "location": "Temple of Sinawava",
    "portfolio": "zion-national-park-autumn-ii",
    "pname": "Zion National Park"
  },
  {
    "title": "The Cosmic Wall",
    "image": "the-cosmic-wall-zion-national-park.jpg",
    "slug": "the-cosmic-wall-zion-national-park",
    "place": "Zion National Park",
    "location": "Clear Creek",
    "portfolio": "zion-national-park-ancient-sands",
    "pname": "Zion National Park"
  },
  {
    "title": "Tree of Life II",
    "image": "trees-of-life-ii-zion-national-park.jpg",
    "slug": "trees-of-life-ii-zion-national-park",
    "place": "Kolob Canyons",
    "location": "Taylor Creek South",
    "portfolio": "zion-national-park-autumn-ii",
    "pname": "Zion National Park"
  },
  {
    "title": "Twilight Maples",
    "image": "twilight-maples-zion-national-park.jpg",
    "slug": "twilight-maples-zion-national-park",
    "place": "Zion National Park",
    "location": "Clear Creek",
    "portfolio": "zion-national-park-autumn-ii",
    "pname": "Zion National Park"
  },
  {
    "title": "Union",
    "image": "union-davenport.jpg",
    "slug": "union-davenport",
    "place": "Lincoln County",
    "location": "Davenport",
    "portfolio": "icons-of-agriculture-iii",
    "pname": "Icons of Agriculture"
  },
  {
    "title": "Velvet Reflections",
    "image": "velvet-reflections-zion-national-park.jpg",
    "slug": "velvet-reflections-zion-national-park",
    "place": "Zion National Park",
    "location": "Virgin River",
    "portfolio": "zion-national-park-watercourse-way",
    "pname": "Zion National Park"
  }
]